id,source,series,material,thickness_mm,o2_pct,pressure_kpa,flow_cm_s,flow_direction,outcome_group,outcome_raw,sustained,usable_label,spread_rate_mm_s,notes
sibal-GMT45-T1,BASS-II,BASS-II|SIBAL fabric,SIBAL fabric,0.32,18.5,101.325,10.0,concurrent,unknown,burned_outcome_not_stated,0,0,,o2_reading_suspect
sibal-GMT45-T2,BASS-II,BASS-II|SIBAL fabric,SIBAL fabric,0.32,18.5,101.325,5.0,concurrent,unknown,burned_outcome_not_stated,0,0,,o2_reading_suspect
sibal-GMT45-T4,BASS-II,BASS-II|SIBAL fabric,SIBAL fabric,0.32,18.7,101.325,2.2,concurrent,extinguished,quenched_low_flow,0,1,,
sibal-GMT45-T15,BASS-II,BASS-II|SIBAL fabric,SIBAL fabric,0.32,18.7,101.325,10.0,concurrent,sustained,sustained_no_blowoff,1,1,,
sibal-GMT100-T5,BASS-II,BASS-II|SIBAL fabric,SIBAL fabric,0.32,18.8,101.325,2.4,concurrent,unknown,burned_outcome_not_stated,0,0,,
sibal-GMT100-T6,BASS-II,BASS-II|SIBAL fabric,SIBAL fabric,0.32,18.8,101.325,2.6,concurrent,unknown,burned_outcome_not_stated,0,0,,
sibal-GMT100-T13,BASS-II,BASS-II|SIBAL fabric,SIBAL fabric,0.32,17.5,101.325,2.2,concurrent,extinguished,quenched_low_flow,0,1,,
sibal-GMT100-T16,BASS-II,BASS-II|SIBAL fabric,SIBAL fabric,0.32,17.6,101.325,3.0,concurrent,unknown,burned_outcome_not_stated,0,0,,
sibal-GMT175-T9,BASS-II,BASS-II|SIBAL fabric,SIBAL fabric,0.32,16.4,101.325,10.0,concurrent,not_ignited,not_ignited,0,1,,
sibal-GMT175-T10,BASS-II,BASS-II|SIBAL fabric,SIBAL fabric,0.32,16.4,101.325,5.0,concurrent,not_ignited,not_ignited,0,1,,
sibal-GMT175-T18,BASS-II,BASS-II|SIBAL fabric,SIBAL fabric,0.32,17.4,101.325,2.6,concurrent,extinguished,quenched_low_flow,0,1,,
sibal-GMT178-T11,BASS-II,BASS-II|SIBAL fabric,SIBAL fabric,0.32,17.1,101.325,4.0,concurrent,unknown,burned_outcome_not_stated,0,0,,
sibal-GMT178-T12,BASS-II,BASS-II|SIBAL fabric,SIBAL fabric,0.32,16.8,101.325,5.0,concurrent,not_ignited,not_ignited,0,1,,
sibal-GMT178-T14,BASS-II,BASS-II|SIBAL fabric,SIBAL fabric,0.32,16.9,101.325,2.8,concurrent,extinguished,quenched_low_flow,0,1,,
sibal-GMT178-T17,BASS-II,BASS-II|SIBAL fabric,SIBAL fabric,0.32,16.9,101.325,6.0,concurrent,sustained,sustained_no_blowoff,1,1,,
sibal-GMT190-T19,BASS-II,BASS-II|SIBAL fabric,SIBAL fabric,0.32,17.2,101.325,11.0,concurrent,unknown,burned_outcome_not_stated,0,0,,
sibal-GMT190-T20,BASS-II,BASS-II|SIBAL fabric,SIBAL fabric,0.32,17.2,101.325,3.0,concurrent,extinguished,quenched_low_flow,0,1,,
sibal-GMT190-T21,BASS-II,BASS-II|SIBAL fabric,SIBAL fabric,0.32,17.2,101.325,11.0,concurrent,extinguished,blowoff,0,1,,
sibal-GMT190-T22,BASS-II,BASS-II|SIBAL fabric,SIBAL fabric,0.32,17.1,101.325,5.0,concurrent,extinguished,quenched_low_flow,0,1,,
sibal-GMT190-T23,BASS-II,BASS-II|SIBAL fabric,SIBAL fabric,0.32,17.2,101.325,10.0,concurrent,not_ignited,not_ignited,0,1,,reused_sample
sibal-GMT190-T24,BASS-II,BASS-II|SIBAL fabric,SIBAL fabric,0.32,18.2,101.325,10.0,concurrent,unknown,burned_outcome_not_stated,0,0,,reused_sample;one_sided_flame
sibal-GMT216-T25,BASS-II,BASS-II|SIBAL fabric,SIBAL fabric,0.32,20.8,101.325,2.5,concurrent,unknown,burned_outcome_not_stated,0,0,,reused_sample
sibal-GMT216-T26,BASS-II,BASS-II|SIBAL fabric,SIBAL fabric,0.32,20.8,101.325,2.5,concurrent,unknown,burned_outcome_not_stated,0,0,,reused_sample
sibal-GMT216-T27,BASS-II,BASS-II|SIBAL fabric,SIBAL fabric,0.32,20.7,101.325,2.0,concurrent,unknown,burned_outcome_not_stated,0,0,,reused_sample
sibal-GMT216-T28a,BASS-II,BASS-II|SIBAL fabric,SIBAL fabric,0.32,20.7,101.325,5.0,concurrent,not_ignited,not_ignited,0,1,,reused_sample
sibal-GMT216-T28b,BASS-II,BASS-II|SIBAL fabric,SIBAL fabric,0.32,20.7,101.325,5.0,concurrent,not_ignited,not_ignited,0,1,,reused_sample
sibal-GMT216-T29,BASS-II,BASS-II|SIBAL fabric,SIBAL fabric,0.32,20.7,101.325,2.0,concurrent,unknown,burned_outcome_not_stated,0,0,,reused_sample
sibal-GMT96-T8,BASS,BASS|SIBAL fabric,SIBAL fabric,0.32,21.0,101.325,5.0,concurrent,unknown,burned_outcome_not_stated,0,0,,
sibal-GMT96-T7,BASS,BASS|SIBAL fabric,SIBAL fabric,0.32,21.0,101.325,10.0,concurrent,unknown,burned_outcome_not_stated,0,0,,
sibal-GMT131-T10,BASS,BASS|SIBAL fabric,SIBAL fabric,0.32,21.0,101.325,11.0,concurrent,unknown,burned_outcome_not_stated,0,0,,
sibal-GMT222-T11,BASS,BASS|SIBAL fabric,SIBAL fabric,0.32,21.0,101.325,19.0,concurrent,unknown,burned_outcome_not_stated,0,0,,
bass2-B1,BASS-II,BASS-II|PMMA,PMMA,0.1,20.6,,5.0,opposed,extinguished,extinguished_flow_off,0,0,,
bass2-B2,BASS-II,BASS-II|PMMA,PMMA,0.2,20.6,,5.0,opposed,unknown,burned_outcome_not_stated,0,0,,no_still_images
bass2-B3,BASS-II,BASS-II|PMMA,PMMA,0.1,20.9,,2.0,opposed,unknown,burned_outcome_not_stated,0,0,,o2_reading_suspect
bass2-B4,BASS-II,BASS-II|PMMA,PMMA,0.3,20.6,,5.0,opposed,unknown,burned_outcome_not_stated,0,0,,
bass2-B5,BASS-II,BASS-II|PMMA,PMMA,0.2,20.9,,5.0,opposed,unknown,burned_outcome_not_stated,0,0,,o2_reading_suspect
bass2-B6,BASS-II,BASS-II|PMMA,PMMA,0.1,20.1,,3.0,opposed,sustained,burned_entire_sample,1,1,,
bass2-B7,BASS-II,BASS-II|PMMA,PMMA,0.4,20.6,,2.0,opposed,unknown,burned_outcome_not_stated,0,0,,
bass2-B8,BASS-II,BASS-II|PMMA,PMMA,0.2,20.1,,10.0,opposed,sustained,sustained_no_blowoff,1,1,,
bass2-B9,BASS-II,BASS-II|PMMA,PMMA,0.1,20.1,,2.0,opposed,extinguished,quenched_low_flow,0,1,,
bass2-B10,BASS-II,BASS-II|PMMA,PMMA,0.2,20.1,,5.0,opposed,extinguished,quenched_low_flow,0,1,,
bass2-B11,BASS-II,BASS-II|PMMA,PMMA,0.2,20.1,,5.0,opposed,extinguished,quenched_low_flow,0,1,,
bass2-B12,BASS-II,BASS-II|PMMA,PMMA,0.3,20.5,,2.0,opposed,unknown,burned_outcome_not_stated,0,0,,
bass2-B13,BASS-II,BASS-II|PMMA,PMMA,0.4,20.1,,10.0,opposed,extinguished,quenched_low_flow,0,1,,
bass2-B14,BASS-II,BASS-II|PMMA,PMMA,0.2,14.1,,5.0,opposed,extinguished,no_sustained_flame,0,1,,
bass2-B15,BASS-II,BASS-II|PMMA,PMMA,0.1,20.1,,10.0,opposed,sustained,sustained_no_blowoff,1,1,,
bass2-B16,BASS-II,BASS-II|PMMA,PMMA,0.1,16.5,,3.0,opposed,extinguished,quenched_low_flow,0,1,,
bass2-B17,BASS-II,BASS-II|PMMA,PMMA,0.2,16.6,,5.0,opposed,extinguished,quenched_low_flow,0,1,,
bass2-B18,BASS-II,BASS-II|PMMA,PMMA,0.2,16.5,,10.0,opposed,extinguished,blowoff,0,1,,
bass2-B19,BASS-II,BASS-II|PMMA,PMMA,0.1,16.4,,10.0,opposed,extinguished,blowoff,0,1,,
bass2-B20,BASS-II,BASS-II|PMMA,PMMA,0.1,16.5,,5.0,opposed,sustained,burned_entire_sample,1,1,,
bass2-B21,BASS-II,BASS-II|PMMA,PMMA,0.2,19.8,,5.0,opposed,extinguished,quenched_low_flow,0,1,,
bass2-B22,BASS-II,BASS-II|PMMA,PMMA,0.2,19.8,,5.0,opposed,extinguished,quenched_low_flow,0,1,,
bass2-F1,BASS-II,BASS-II|Nomex,Nomex,,20.6,,9.5,concurrent,extinguished,no_sustained_flame,0,1,,
bass2-F2,BASS-II,BASS-II|Nomex,Nomex,,21.0,,15.0,concurrent,extinguished,no_sustained_flame,0,1,,
bass2-F3,BASS-II,BASS-II|Nomex,Nomex,,20.8,,8.0,concurrent,extinguished,no_sustained_flame,0,1,,
saffire-1-1,Saffire,Saffire|Saffire-1,SIBAL fabric,0.37,21.7,,20.0,concurrent,sustained,Burned until the airflow was shut off,1,1,1.8,o2_range
saffire-1-2,Saffire,Saffire|Saffire-1,SIBAL fabric,0.37,21.5,,20.0,opposed,sustained,Spread against the flow over the remaining fuel,1,1,1.3,o2_approx
saffire-2-1,Saffire,Saffire|Saffire-2,Silicone,0.27,22.1,,20.0,concurrent,extinguished,Did not spread; the small flame went out after the igniter,0,1,,o2_approx
saffire-2-2,Saffire,Saffire|Saffire-2,Silicone,0.61,22.1,,20.0,concurrent,extinguished,Did not spread; the small flame went out after the igniter,0,1,,o2_approx
saffire-2-3,Saffire,Saffire|Saffire-2,Silicone,1.03,22.1,,20.0,concurrent,extinguished,Did not spread; the small flame went out after the igniter,0,1,,o2_approx
saffire-2-4,Saffire,Saffire|Saffire-2,Silicone,0.37,22.1,,20.0,opposed,extinguished,Did not spread; the small flame went out after the igniter,0,1,,o2_approx
saffire-2-5,Saffire,Saffire|Saffire-2,SIBAL fabric,0.37,22.1,,20.0,concurrent,sustained,Burned the full sample length,1,1,2.1,o2_approx
saffire-2-6,Saffire,Saffire|Saffire-2,SIBAL fabric,0.37,22.1,,25.0,concurrent,sustained,Burned the full sample length,1,1,2.6,o2_approx
saffire-2-7,Saffire,Saffire|Saffire-2,Nomex,0.37,22.1,,20.0,concurrent,not_ignited,"The PMMA lead-in burned away, but the Nomex did not ignite",0,1,,o2_approx
saffire-2-8,Saffire,Saffire|Saffire-2,PMMA,,22.1,,20.0,concurrent,sustained,"Burned anchored at the leading edge, without spreading",1,1,,o2_range
saffire-2-9,Saffire,Saffire|Saffire-2,PMMA,10.0,22.0,,20.0,concurrent,sustained,"Burned anchored at the leading edge, without spreading",1,1,,o2_range
saffire-iv-1,Saffire,Saffire|Saffire-IV,SIBAL fabric,,22.0,100.0,20.0,concurrent,sustained,Burned for 130 s,1,1,,o2_recorded
saffire-iv-2,Saffire,Saffire|Saffire-IV,PMMA,10.0,22.0,100.0,20.0,concurrent,unknown,Outcome not stated per sample in these sources,0,0,,o2_recorded
saffire-v-2,Saffire,Saffire|Saffire-V,Cotton jersey,,26.2,70.7,20.0,concurrent,sustained,Burned for 200 s,1,1,,o2_recorded
saffire-v-3,Saffire,Saffire|Saffire-V,PMMA,5.0,25.4,71.3,20.0,concurrent,unknown,Outcome not stated per sample in these sources,0,0,,o2_recorded
saffire-v-4,Saffire,Saffire|Saffire-V,PMMA,10.0,25.7,72.6,20.0,opposed,unknown,Outcome not stated per sample in these sources,0,0,,o2_recorded
saffire-vi-1,Saffire,Saffire|Saffire-VI,Nomex,,,,,,not_ignited,Did not ignite,0,0,,
saffire-vi-2,Saffire,Saffire|Saffire-VI,SIBAL fabric,,31.0,54.1,20.0,concurrent,sustained,Reached a steady size and spread rate quickly,1,1,,o2_recorded
saffire-vi-3,Saffire,Saffire|Saffire-VI,PMMA,10.0,30.3,54.6,20.0,concurrent,sustained,Grew continuously until the flow was reduced,1,1,,o2_recorded
saffire-vi-4,Saffire,Saffire|Saffire-VI,PMMA,5.0,28.8,55.2,20.0,concurrent,sustained,Grew continuously until the flow was reduced,1,1,,o2_recorded
