test_id,as_run_test,pi_table,date_listed,material_verbatim,material,thickness_um,sample_width_cm,flow_direction,air_display_verbatim,flow_initial_cm_s,o2_cal_initial_vol_pct,o2_cal_final_vol_pct,co2_initial_vol_pct,co2_final_vol_pct,co_initial_ppm,co_final_ppm,observations_verbatim,outcome
B1,7,A.1,2014-02-19,"100-µm PMMA film, 2 cm wide",PMMA,100,2,opposed,5,5,20.6,20.6,0.44,0.44,0,6,"Ignited very quickly, turned flow off after spread halfway; flame extinguished very quickly; and sooty with blue leading edge",extinguished_flow_off
B2,8,A.1,2014-02-19,"200-µm PMMA film, 2 cm wide",PMMA,200,2,opposed,5,5,20.6,,0.44,,6,,"No stills taken, cable came loose; not quite a straight on edge view",burned_outcome_not_stated
B3,11,A.1,2014-02-19,"100-µm film, 2 cm wide",PMMA,100,2,opposed,2,2,20.9,20.5,0.43,0.49,12,19,"Probably 20.6 O2 to start; lower flow flames much more blue overall; still some soot though",burned_outcome_not_stated
B4,9,A.1,2014-02-19,"300-µm PMMA film, 2 cm wide",PMMA,300,2,opposed,5,5,20.6,20.6,0.44,0.51,-1,10,Bubble layer thickness increases with sample thickness,burned_outcome_not_stated
B5,10,A.1,2014-02-19,"200 µm 2 cm wide",PMMA,200,2,opposed,5,5,20.9,20.6,0.43,0.43,0,12,"Repeat of B2 test conditions, to get top view images; question the 20.9 reading; all others were 20.6 this day",burned_outcome_not_stated
B6,57,A.1,2014-07-07,"2-cm, 0.1-mm PMMA film",PMMA,100,2,opposed,"3, 5, approaching 10",3,20.1,20.0,0.33,0.41,0,0.3,"Steady burning at 3 and 5 cm/s, did not reach 10 cm/s before end of sample, complete burnout, HCl –>0.3",burned_entire_sample
B7,12,A.1,2014-02-19,"400-µm film, 2 cm wide",PMMA,400,2,opposed,2,2,20.6,20.5,0.45,0.51,1,17,Very long bubble layer,burned_outcome_not_stated
B8,60,A.1,2014-07-07,"2-cm, 0.2-mm PMMA film",PMMA,200,2,opposed,"10, maximum",10,20.1,19.6,0.33,0.58,0,131,"Spread at 10 cm/s, did not blowoff",sustained_no_blowoff
B9,58,A.1,2014-07-07,"2-cm, 0.1-mm PMMA film",PMMA,100,2,opposed,"2, <1",2,20.1,20.0,0.33,0.35,0,10,"Steady burning at 2 cm/s, extinguished at 0.35",quenched_low_flow
B10,62,A.1,2014-07-07,"1-cm, 0.2-mm PMMA film",PMMA,200,1,opposed,"5, 4, 3, 2, 1",5,20.1,19.9,0.33,0.44,0,23,"Multiple velocities for steady spread, extinguished at pot 0.35",quenched_low_flow
B11,61,A.1,2014-07-07,"2-cm, 0.2-mm PMMA film",PMMA,200,2,opposed,"5, 3, 1, <1",5,20.1,19.8,0.33,0.47,0,46,"Multiple velocities for steady spread, extinguished at pot 0.35",quenched_low_flow
B12,13,A.1,2014-02-19,"300-µm film, 2 cm wide",PMMA,300,2,opposed,2,2,20.5,20.4,0.51,0.56,17,33,"Mostly blue, soot only on bottom",burned_outcome_not_stated
B13,63,A.1,2014-07-07,"2-cm, 0.4-mm thick film",PMMA,400,2,opposed,"10, 5, 4, 3, 2, 1",10,20.1,19.6,0.33,0.65,0,61,"Multiple velocities for steady spread, extinguished at pot 0.35",quenched_low_flow
B14,47,A.1,2014-07-02,"1-cm-wide, 200-µm-thick PMMA",PMMA,200,1,opposed,"5, 3, 2, extinction",5,14.1,,0.00,,0.2,,"HCl O, only brief ignition, flame extinguished",no_sustained_flame
B15,59,A.1,2014-07-07,"2-cm, 0.1-mm PMMA film",PMMA,100,2,opposed,"10, max",10,20.1,19.9,0.33,0.43,0,22,"Spread at 10 cm/s, did not blowoff",sustained_no_blowoff
B16,51,A.1,2014-07-02,"2-cm 100-µm-thick PMMA",PMMA,100,2,opposed,"3, 5 pot, 0.4 pot",3,16.5,16.4,0.47,0.51,103,119,"HCl 1.1 > 1.3; flame quenched after prolonged burn at 0.4 pot, one-sided flame; spread to top side and quenched immediately; did igniter wire affect top flame?",quenched_low_flow
B17,48,A.1,2014-07-02,"1-cm-wide, 200-µm-thick PMMA",PMMA,200,1,opposed,"5, 3, pot 0.4",5,16.6,16.5,0.2,0.34,0,47,"Burned steadily at higher flows, extinguished just as we reached a pot of 0.4; vapor jetting more on bottom, possibly because of sample tilted slightly to flow?",quenched_low_flow
B18,49,A.1,2014-07-02,"1-cm-wide, 200-µm-thick PMMA",PMMA,200,1,opposed,"10, blowoff",10,16.5,16.5,0.34,0.42,47,78,"HCl 0.6 > 0.9, flame blew out at a fan pot of 7.0",blowoff
B19,52,A.1,2014-07-02,"2-cm, 100-µm-thick PMMA",PMMA,100,2,opposed,"10, blowoff",10,16.4,16.3,0.51,0.57,119,131,"HCl 1.3 > 1.4; flame blew out at a pot of 6.0",blowoff
B20,50,A.1,2014-07-02,"2-cm, 100-µm-thick PMMA",PMMA,100,2,opposed,"5, 3, pot 0.5",5,16.5,16.5,0.42,0.47,78,103,"HCl 0.9 > 1.1; flame burned entire sample",burned_entire_sample
B21,121,A.1,2014-08-04,"1-cm-wide, 200-µm-thick PMMA",PMMA,200,1,opposed,5 down to extinction,5,19.8,19.6,0.36,0.44,-1,18,"Ignition at 5 cm/s then fan pot turned down slowly after flame; spreads halfway; flame goes out at 0.355 pot setting",quenched_low_flow
B22,126,A.1,2014-08-04,"1-cm-wide, 200-µm-thick PMMA",PMMA,200,1,opposed,"5, 2, 0",5,19.8,19.6,0.41,0.47,-1,10,"Ignition at 5 cm/s then decreased flow in step, fan pot 1.7, 0.5, 0.4, 0.36 (flame out)",quenched_low_flow
F1,14,A.2,2014-02-19,"Nomex® (DuPont™) natural (Nomex III)",Nomex,,,concurrent,9.5,9.5,20.6,20.6,0.46,0.45,0,2,Ignited briefly but did not spread at all and extinguished while the igniter was still on,no_sustained_flame
F2,103,A.2,2014-07-28,Nomex® natural (Nomex III),Nomex,,,concurrent,15,15,21,21.0,0.37,0.39,105,82,"Tried to ignite, flame would not sustain",no_sustained_flame
F3,115,A.2,2014-08-01,Nomex® natural (Nomex III),Nomex,,,concurrent,8,8,20.8,,0.36,,2,,"Brief ignition flash, no sustained flame; no postburn sensor readings taken",no_sustained_flame
