id,flight,sample,material,material_verbatim,geometry,thickness_mm,width_cm,length_cm,flow_cm_s,flow_direction,pressure_kpa,o2_pct,o2_basis,burn_duration_s,burn_length_verbatim,spread_rate_mm_s,heat_release_avg_w,heat_release_peak_w,one_g_burn_length,one_g_spread,outcome_group,outcome_label,cond_source,cond_page,cond_line,cond_col,res_source,res_page,res_line,quote_source,quote_page,quote
saffire-1-1,Saffire-1,1-1,SIBAL fabric,Cotton-Fiberglass,fabric,0.37,40.6,94,20,concurrent,,21.7,range,420,~ 84 cm,1.8,,,Complete,Acceleratory,sustained,Burned until the airflow was shut off,saffire-1-3,29,1-1 Cotton-Fiberglass 40.6 cm 0.37 mm 94 cm 20 cm/s Concurrent 21.7 to 21.5,,saffire-1-3,29,1-1 182 W 8s 420 s ~ 84 cm 1.8 mm/s Complete Acceleratory,saffire-1-3,16,The flame burned the entire allotted test time of about 7 min. at which point the air flow was shut off and the flame immediately extinguished
saffire-1-2,Saffire-1,1-2,SIBAL fabric,Cotton-Fiberglass,fabric,0.37,40.6,10,20,opposed,,21.5,approx,70,~ 10 cm,1.3,,,~0,n/a,sustained,Spread against the flow over the remaining fuel,saffire-1-3,29,1-2 Cotton-Fiberglass 40.6 cm 0.37 mm ~ 10 cm 20 cm/s Opposed ~ 21.5,,saffire-1-3,29,1-2 182 W 8s 70 s ~ 10 cm 1.3 mm/s ~0 n/a,saffire-1-3,21,The opposed-flow flame average spread rate 1.3 mm/s
saffire-2-1,Saffire-2,2-1,Silicone,Silicone,sheet,0.27,5,29,20,concurrent,,22.1,approx,,~0,,,,~ Complete,Acceleratory,extinguished,"Did not spread; the small flame went out after the igniter",saffire-1-3,29,2-1 Silicone 5 cm 0.27 mm 29 cm 20 cm/s Concurrent ~ 22.1,,saffire-1-3,29,2-1 80 W 9.2 s Insignificant ~0 n/a ~ Complete Acceleratory,saffire-1-3,12,"When the igniter was powered off, a tiny gas phase flame remained but did not spread and quickly extinguished"
saffire-2-2,Saffire-2,2-2,Silicone,Silicone,sheet,0.61,5,29,20,concurrent,,22.1,approx,,~0,,,,7.6 cm,1.2 mm/s,extinguished,"Did not spread; the small flame went out after the igniter",saffire-1-3,29,2-2 Silicone 5 cm 0.61 mm 29 cm 20 cm/s Concurrent ~ 22.1,,saffire-1-3,29,2-2 80 W 9.2 s Insignificant ~0 n/a 7.6 cm 1.2 mm/s,saffire-1-3,12,"When the igniter was powered off, a tiny gas phase flame remained but did not spread and quickly extinguished"
saffire-2-3,Saffire-2,2-3,Silicone,Silicone,sheet,1.03,5,29,20,concurrent,,22.1,approx,,~0,,,,~0,n/a,extinguished,"Did not spread; the small flame went out after the igniter",saffire-1-3,29,2-3 Silicone 5 cm 1.03 mm 29 cm 20 cm/s Concurrent ~ 22.1,,saffire-1-3,29,2-3 80 W 9.2 s Insignificant ~0 n/a ~0 n/a,saffire-1-3,12,"When the igniter was powered off, a tiny gas phase flame remained but did not spread and quickly extinguished"
saffire-2-4,Saffire-2,2-4,Silicone,Silicone,sheet,0.37,5,29,20,opposed,,22.1,approx,,~0,,,,Complete,0.6 mm/s,extinguished,"Did not spread; the small flame went out after the igniter",saffire-1-3,29,2-4 Silicone 5 cm 0.37 mm 29 cm 20 cm/s Opposed ~ 22.1,,saffire-1-3,29,2-4 80 W 9.2 s Insignificant ~0 n/a Complete 0.6 mm/s,saffire-1-3,12,"When the igniter was powered off, a tiny gas phase flame remained but did not spread and quickly extinguished"
saffire-2-5,Saffire-2,2-5,SIBAL fabric,Cotton-Fiberglass,fabric,0.37,5,29,20,concurrent,,22.1,approx,145,29 cm,2.1,,,Complete,Acceleratory,sustained,Burned the full sample length,saffire-1-3,29,2-5 Cotton-Fiberglass 5 cm 0.37 mm 29 cm 20 cm/s Concurrent ~ 22.1,,saffire-1-3,29,2-5 80 W 9.2 s 145 s 29 cm 2.1 mm/s Complete Acceleratory,saffire-1-3,21,The flame spread rate for the 5-cm-wide sample is marginally faster compared to the spread rate for the 40.6-cm-wide sample for the same flow speed of 20 cm/s (2.1 compared to 1.8 mm/s)
saffire-2-6,Saffire-2,2-6,SIBAL fabric,Cotton-Fiberglass,fabric,0.37,5,29,25,concurrent,,22.1,approx,115,29 cm,2.6,,,Complete,Acceleratory,sustained,Burned the full sample length,saffire-1-3,29,2-6 Cotton-Fiberglass 5 cm 0.37 mm 29 cm 25 cm/s Concurrent ~ 22.1,,saffire-1-3,29,2-6 80 W 9.2 s 115 s 29 cm 2.6 mm/s Complete Acceleratory,,,
saffire-2-7,Saffire-2,2-7,Nomex,PMMA & Nomex,composite,0.37,5,24,20,concurrent,,22.1,approx,140,5 cm & 0,,,,~ 0 (Nomex),n/a (Nomex),not_ignited,"The PMMA lead-in burned away, but the Nomex did not ignite",saffire-1-3,29,2-7 PMMA & Nomex 5 cm 0.85 & 0.37 mm 5 & 24 cm 20 cm/s Concurrent ~ 22.1,,saffire-1-3,29,2-7 80 W 9.2 s 140 s 5 cm & 0 ii n/a (Nomex) ~ 0 (Nomex) n/a (Nomex),saffire-1-3,29,ii The PMMA portion was completely consumed but the Nomex was not ignited.
saffire-2-8,Saffire-2,2-8,PMMA,PMMA,slab,,5,29,20,concurrent,,22.1,range,600,~ 10 cm,,,,Complete,Acceleratory,sustained,"Burned anchored at the leading edge, without spreading",saffire-1-3,29,2-8 PMMA 5 cm See Fig. 5 29 cm 20 cm/s Concurrent 22.1 to 22.0,,saffire-1-3,29,2-8 97 W 30 s 600 s ~ 10 cm iii Note (iv) Complete Acceleratory,saffire-1-3,29,iv The flames remain anchored at the base of the sample which has a very slow regression rate (0.01 to 0.04 mm/s).
saffire-2-9,Saffire-2,2-9,PMMA,PMMA,slab,10,5,29,20,concurrent,,22.0,range,900,~ 10 cm,,,,Complete,Acceleratory,sustained,"Burned anchored at the leading edge, without spreading",saffire-1-3,29,2-9 PMMA 5 cm 1 cm 29 cm 20 cm/s Concurrent 22.0 to 21.9,,saffire-1-3,29,2-9 97 W 30 s 900 s ~ 10 cm iii Note (iv) Complete Acceleratory,saffire-1-3,29,iv The flames remain anchored at the base of the sample which has a very slow regression rate (0.01 to 0.04 mm/s).
saffire-iv-1,Saffire-IV,IV-1,SIBAL fabric,SIBAL Cloth,fabric,,,50,20,concurrent,100.0,22.0,recorded,130,,,3150,,,,sustained,Burned for 130 s,saffire-4-5,5,Ambient Pressure (kPa) 100.0 100.0 70.7 71.3 72.6|Oxygen Concentration 22.0 22.0 26.2 25.4 25.7|Length (cm) 50 18 50 18 20|Air Flow Rate (cm/s) 20 20 20 20 20,0,saffire-6,6,"IV-1 SIBAL 130 3,150 409 45 25 1390 1.03 80",,,
saffire-iv-2,Saffire-IV,IV-2,PMMA,2-sided PMMA,slab,10,,18,20,concurrent,100.0,22.0,recorded,,,,,,,,unknown,Outcome not stated per sample in these sources,saffire-4-5,5,Ambient Pressure (kPa) 100.0 100.0 70.7 71.3 72.6|Oxygen Concentration 22.0 22.0 26.2 25.4 25.7|Length (cm) 50 18 50 18 20|Air Flow Rate (cm/s) 20 20 20 20 20,1,,,,,,
saffire-v-2,Saffire-V,V-2,Cotton jersey,Cotton Jersey,fabric,,,50,20,concurrent,70.7,26.2,recorded,200,,,2800,,,,sustained,Burned for 200 s,saffire-4-5,5,Ambient Pressure (kPa) 100.0 100.0 70.7 71.3 72.6|Oxygen Concentration 22.0 22.0 26.2 25.4 25.7|Length (cm) 50 18 50 18 20|Air Flow Rate (cm/s) 20 20 20 20 20,2,saffire-6,6,"V-2 Cotton 200 2,800 560 46 23 2360 1.26 83",,,
saffire-v-3,Saffire-V,V-3,PMMA,1 sided PMMA,slab,5,,18,20,concurrent,71.3,25.4,recorded,,,,,,,,unknown,Outcome not stated per sample in these sources,saffire-4-5,5,Ambient Pressure (kPa) 100.0 100.0 70.7 71.3 72.6|Oxygen Concentration 22.0 22.0 26.2 25.4 25.7|Length (cm) 50 18 50 18 20|Air Flow Rate (cm/s) 20 20 20 20 20,3,,,,,,
saffire-v-4,Saffire-V,V-4,PMMA,Structured PMMA,slab,10,,20,20,opposed,72.6,25.7,recorded,,,,,,,,unknown,Outcome not stated per sample in these sources,saffire-4-5,5,Ambient Pressure (kPa) 100.0 100.0 70.7 71.3 72.6|Oxygen Concentration 22.0 22.0 26.2 25.4 25.7|Length (cm) 50 18 50 18 20|Air Flow Rate (cm/s) 20 20 20 20 20,4,,,,,,
saffire-vi-1,Saffire-VI,VI-1,Nomex,Nomex Fabric,fabric,,,,,,,,,,,,,,,,not_ignited,Did not ignite,,,,,,,,saffire-6,4,The Nomex sample did not ignite
saffire-vi-2,Saffire-VI,VI-2,SIBAL fabric,SIBAL Cloth,fabric,,,50,20,concurrent,54.1,31.0,recorded,112,,,3650,3217,,,sustained,Reached a steady size and spread rate quickly,saffire-6,3,Ambient Pressure (kPa) 100.0 70.7 54.1 54.6 55.2|Oxygen Concentration (mol 22.0 26.2 31.0 30.3 28.8|Length (cm) 50 50 50 18 18|Air Flow Rate (cm/s) 20 20 20 20 20,2,saffire-6,6,"VI-2 SIBAL 112 3217 580 3,650 409 48 20 2800 1.15 120",saffire-6,4,The SIBAL sample (left image) achieved a steady size and spread rate quite rapidly
saffire-vi-3,Saffire-VI,VI-3,PMMA,Two-Sided PMMA,slab,10,,18,20,concurrent,54.6,30.3,recorded,780,,,,3080,,,sustained,Grew continuously until the flow was reduced,saffire-6,3,Ambient Pressure (kPa) 100.0 70.7 54.1 54.6 55.2|Oxygen Concentration (mol 22.0 26.2 31.0 30.3 28.8|Length (cm) 50 50 50 18 18|Air Flow Rate (cm/s) 20 20 20 20 20,3,saffire-6,6,VI-3 2-sided 780 3080 1280 77 21 8539 3.51 308,saffire-6,4,the two PMMA samples grew continuously until the flow speed was reduced
saffire-vi-4,Saffire-VI,VI-4,PMMA,One-Sided PMMA,slab,5,,18,20,concurrent,55.2,28.8,recorded,1200,,,,1507,,,sustained,Grew continuously until the flow was reduced,saffire-6,3,Ambient Pressure (kPa) 100.0 70.7 54.1 54.6 55.2|Oxygen Concentration (mol 22.0 26.2 31.0 30.3 28.8|Length (cm) 50 50 50 18 18|Air Flow Rate (cm/s) 20 20 20 20 20,4,saffire-6,6,VI-4 1-sided 1200 1507 830 57 21 8117 3.37 320,saffire-6,4,the two PMMA samples grew continuously until the flow speed was reduced
